Skyline to the Sea Trail,Los Gatos,"Los Gatos, California, United States","Difficult:29 miles, Multiple days",http://www.everytrail.com/guide/skyline-to-the-sea-trail
"Steep Ravine via Matt Davis, Mt Tamalpais",Stinson Beach,"Stinson Beach, California, United States","Moderate:6.5 miles, Half day",http://www.everytrail.com/guide/steep-ravine-via-matt-davis-mt-tamalpais-
Berry Creek Falls Loop at Big Basin Redwoods State Park,Big Basin Redwoods State Park,"Big Basin Redwoods State Park, California, United States","Difficult:10.2 miles, Full day",http://www.everytrail.com/guide/berry-creek-falls-loop-at-big-basin-redwoods-state-park
Muir Woods and Tourist Club Loop,Mill Valley,"Mill Valley, California, United States","Moderate:4.5 miles, Half day",http://www.everytrail.com/guide/muir-woods-and-tourist-club-loop
"Mount Tallac, Lake Tahoe",South Lake Tahoe,"South Lake Tahoe, California, United States","Difficult:9.5 miles, Full day",http://www.everytrail.com/guide/mount-tallac-lake-tahoe
Mount Diablo's Grand Loop,Mount Diablo State Park,"Mount Diablo State Park, California, United States","Moderate:6.2 miles, Half day",http://www.everytrail.com/guide/mount-diablos-grand-loop
Sturtevant Falls,Pasadena,"Pasadena, California, United States","Easy:3.7 miles, 1-3 hours",http://www.everytrail.com/guide/sturtevant-falls
Half Dome Hike,Yosemite National Park,"Yosemite National Park, California, United States","Difficult:15.7 miles, Full day",http://www.everytrail.com/guide/half-dome-hike
Cataract Trail Loop in Marin County,Bolinas,"Bolinas, California, United States","Moderate:7.7 miles, Half day",http://www.everytrail.com/guide/cataract-trail-loop-in-marin-county
The Mist Trail - Vernal and Nevada Falls,Yosemite National Park,"Yosemite National Park, California, United States","Moderate:6.5 miles, Half day",http://www.everytrail.com/guide/the-mist-trail-vernal-and-nevada-falls
Pine Ridge Trail to Sykes Hot Springs,Pfeiffer Big Sur State Park,"Pfeiffer Big Sur State Park, California, United States","Difficult:20 miles, Multiple days",http://www.everytrail.com/guide/pine-ridge-trail-to-sykes-hot-springs
The Panorama Trail,Yosemite National Park,"Yosemite National Park, California, United States",Difficult:8.9 miles,http://www.everytrail.com/guide/the-panorama-trail
Batteries to Bluffs Trail,San Francisco,"San Francisco, California, United States","Moderate:0.7 miles, 1 hour or less",http://www.everytrail.com/guide/batteries-to-bluffs-trail
Lake Aloha Hike,South Lake Tahoe,"South Lake Tahoe, California, United States","Moderate:11.7 miles, Full day",http://www.everytrail.com/guide/lake-aloha-hike
Stinson Beach to Mt. Tamalpais,Stinson Beach,"Stinson Beach, California, United States","Difficult:17.3 miles, Full day",http://www.everytrail.com/guide/stinson-beach-to-mt-tamalpais
Marin Headlands,Mill Valley,"Mill Valley, California, United States","Moderate:24 miles, Multiple days",http://www.everytrail.com/guide/marin-headlands
The Lost Coast Trail,Petrolia,"Petrolia, California, United States","Moderate:7.5 miles, Half day",http://www.everytrail.com/guide/the-lost-coast
Mariposa Grove of Giant Sequoias,Wawona,"Wawona, California, United States","Moderate:8.0 miles, Half day",http://www.everytrail.com/guide/mariposa-grove-of-giant-sequoias
"Cathedral Lakes, Yosemite NP",California,"California, United States","Moderate:5.0 miles, Half day",http://www.everytrail.com/guide/cathedral-lakes-yosemite-np
"Lassen Peak, Lassen Volcanic National Park",California,"California, United States","Difficult:6.0 miles, Half day",http://www.everytrail.com/guide/lassen-peak-lassen-volcanic-national-park
Horse Heaven Trail to Mission Peak,Fremont,"Fremont, California, United States","Easy:3.4 miles, 1-3 hours",http://www.everytrail.com/guide/horse-heaven-trail-to-mission-peak
Find Nature at Lands End,San Francisco,"San Francisco, California, United States","Difficult:10.0 miles, Full day",http://www.everytrail.com/guide/lands-end-san-francisco
North Peak at Mount Diablo State Park,Clayton,"Clayton, California, United States","Moderate:4.0 miles, 1 hour or less",http://www.everytrail.com/guide/north-peak-at-mount-diablo-state-park
The Stanford Dish Hike,Stanford,"Stanford, California, United States","Moderate:2.2 miles, 1-3 hours",http://www.everytrail.com/guide/the-stanford-dish-hike
Briones Regional Park Exploration,Martinez,"Martinez, California, United States","Moderate:10.0 miles, Half day",http://www.everytrail.com/guide/briones-regional-park-exploration
Fifield-Cahill Ridge Trail Exploration,San Mateo,"San Mateo, California, United States","Easy:1.3 miles, 1-3 hours",http://www.everytrail.com/guide/fifield-cahill-ridge-trail-exploration
Pescadero State Beach Exploration,Pescadero,"Pescadero, California, United States","Easy:3.8 miles, 1-3 hours",http://www.everytrail.com/guide/pescadero-state-beach-exploration
Eaton Canyon,Altadena,"Altadena, California, United States","Moderate:6.5 miles, Half day",http://www.everytrail.com/guide/eaton-canyon
Castle Rock State Park Loop: Saratoga Gap and Ridge Trails,Saratoga,"Saratoga, California, United States","Moderate:10.0 miles, Half day",http://www.everytrail.com/guide/castle-rock-state-park-loop-saratoga-gap-and-ridge-trails
Big Santa Anita Canyon Loop with Upper Trail,Pasadena,"Pasadena, California, United States","Difficult:12.6 miles, Full day",http://www.everytrail.com/guide/big-santa-anita-canyon-loop-with-upper-trail
Mt. Wilson via Chantry Flats,Pasadena,"Pasadena, California, United States","Difficult:11.6 miles, Full day",http://www.everytrail.com/guide/mt-wilson-via-chantry-flats
Cucamonga Peak via Icehouse Canyon,Lytle Creek,"Lytle Creek, California, United States","Difficult:10.4 miles, Full day",http://www.everytrail.com/guide/cucamonga-peak-via-icehouse-canyon
Mt. San Antonio (Baldy) Loop,Lytle Creek,"Lytle Creek, California, United States","Difficult:15.7 miles, Full day",http://www.everytrail.com/guide/mt-san-antonio-baldy-loop
San Bernardino Peak via Angeles Oaks,Angelus Oaks,"Angelus Oaks, California, United States","Difficult:17.3 miles, Full day",http://www.everytrail.com/guide/san-bernardino-peak-via-angeles-oaks
San Gorgonio via Vivian Creek,Forest Falls,"Forest Falls, California, United States","",http://www.everytrail.com/guide/san-gorgonia-via-vivian-creek
Los Liones Trail to Parker Mesa,Pacific Palisades,"Pacific Palisades, California, United States","Easy:3.6 miles, 1-3 hours",http://www.everytrail.com/guide/los-liones-trail-to-parker-mesa
Big Break Regional Shoreline Exploration,Oakley,"Oakley, California, United States","Moderate:7.9 miles, Half day",http://www.everytrail.com/guide/big-break-regional-shoreline-exploration
Malibu Creek,Malibu Creek State Park,"Malibu Creek State Park, California, United States","Moderate:7.6 miles, Half day",http://www.everytrail.com/guide/malibu-creek
Bulldog Road / Castro Crest,Malibu Creek State Park,"Malibu Creek State Park, California, United States","Moderate:3.8 miles, 1-3 hours",http://www.everytrail.com/guide/bulldog-road-castro-crest
Dipsea Trail-Steep Ravine Loop,Mount Tamalpais State Park,"Mount Tamalpais State Park, California, United States","Difficult:15.7 miles, Full day",http://www.everytrail.com/guide/dipsea-trail-steep-ravine-loop
Half Dome Hike,Yosemite National Park,"Yosemite National Park, California, United States","Moderate:6.5 miles, Half day",http://www.everytrail.com/guide/half-dome-hike
The Mist Trail - Vernal and Nevada Falls,Yosemite National Park,"Yosemite National Park, California, United States",Difficult:8.9 miles,http://www.everytrail.com/guide/the-mist-trail-vernal-and-nevada-falls
The Panorama Trail,Yosemite National Park,"Yosemite National Park, California, United States","Moderate:8.0 miles, Half day",http://www.everytrail.com/guide/the-panorama-trail
"Cathedral Lakes, Yosemite NP",California,"California, United States","Moderate:7.5 miles, Half day",http://www.everytrail.com/guide/cathedral-lakes-yosemite-np
Mariposa Grove of Giant Sequoias,Wawona,"Wawona, California, United States","Easy:1.3 miles, 1-3 hours",http://www.everytrail.com/guide/mariposa-grove-of-giant-sequoias
May Lake,Yosemite National Park,"Yosemite National Park, California, United States","Difficult:12.1 miles, Full day",http://www.everytrail.com/guide/may-lake
Clouds Rest,Yosemite National Park,"Yosemite National Park, California, United States","Moderate:22 miles, Multiple days",http://www.everytrail.com/guide/clouds-rest
Ten Lakes at Yosemite National Park,Yosemite National Park,"Yosemite National Park, California, United States","Easy:1.3 miles, 1-3 hours",http://www.everytrail.com/guide/ten-lakes-at-yosemite-national-park
Lukens Lake,Yosemite National Park,"Yosemite National Park, California, United States","Easy:0.3 miles, 1 hour or less",http://www.everytrail.com/guide/lukens-lake
Lower Yosemite Falls,Yosemite National Park,"Yosemite National Park, California, United States","Easy:2.5 miles, 1-3 hours",http://www.everytrail.com/guide/lower-yosemite-falls
Mirror Lake,Yosemite National Park,"Yosemite National Park, California, United States","Difficult:6.1 miles, Full day",http://www.everytrail.com/guide/mirror-lake
Upper Yosemite Fall Hike,Yosemite National Park,"Yosemite National Park, California, United States","Difficult:15.5 miles, Full day",http://www.everytrail.com/guide/upper-yosemite-fall-hike
"Trailspotting Half Dome, Yosemite National Park",Yosemite National Park,"Yosemite National Park, California, United States","Difficult:1.4 miles, 1-3 hours",http://www.everytrail.com/guide/trailspotting-half-dome-yosemite-national-park
Sierra Point,Yosemite National Park,"Yosemite National Park, California, United States","Moderate:18.2 miles, Multiple days",http://www.everytrail.com/guide/sierra-point
Pohono Trail: Glacier Point to Dewey Point,Yosemite National Park,"Yosemite National Park, California, United States","Easy:0.2 miles, 1 hour or less",http://www.everytrail.com/guide/pohono-trail-glacier-point-to-dewey-point
Bridalveil Fall,Yosemite National Park,"Yosemite National Park, California, United States","Moderate:3.0 miles, 1-3 hours",http://www.everytrail.com/guide/bridalveil-fall
Old Big Oak Flat Road,Yosemite National Park,"Yosemite National Park, California, United States","Easy:4.6 miles, 1-3 hours",http://www.everytrail.com/guide/old-big-oak-flat-road
Elizabeth Lake - Yosemite National Park,Yosemite National Park,"Yosemite National Park, California, United States","Moderate:14.9 miles, Full day",http://www.everytrail.com/guide/elizabeth-lake-yosemite-national-park
Upper Young Lakes Loop,Yosemite National Park,"Yosemite National Park, California, United States","Easy:2.5 miles, 1-3 hours",http://www.everytrail.com/guide/upper-young-lakes-loop
"Inspiration Point, Yosemite NP",Yosemite National Park,"Yosemite National Park, California, United States","Moderate:20 miles, Multiple days",http://www.everytrail.com/guide/inspiration-point-yosemite-np
Lyell Canyon-Vogelsang Loop,Yosemite National Park,"Yosemite National Park, California, United States","Difficult:12.4 miles, Full day",http://www.everytrail.com/guide/lyell-canyon-vogelsang-loop
Ostrander Lake,Yosemite National Park,"Yosemite National Park, California, United States","Easy:2.0 miles, 1-3 hours",http://www.everytrail.com/guide/ostrander-lake
McGurk Meadow,Yosemite National Park,"Yosemite National Park, California, United States","Easy:1.3 miles, 1 hour or less",http://www.everytrail.com/guide/mcgurk-meadow
Turtleback Dome,Yosemite National Park,"Yosemite National Park, California, United States","Difficult:10.0 miles, Half day",http://www.everytrail.com/guide/turtleback-dome
4 Mile Trail - Yosemite,Yosemite Village,"Yosemite Village, California, United States","Difficult:8.4 miles, Full day",http://www.everytrail.com/guide/4-mile-trail-yosemite
Yosemite Point,Yosemite Village,"Yosemite Village, California, United States","Difficult:5.2 miles, Half day",http://www.everytrail.com/guide/yosemite-point
Day hike to Mt. Dana.,Yosemite National Park,"Yosemite National Park, California, United States","Easy:1.6 miles, 1 hour or less",http://www.everytrail.com/guide/day-hike-to-mt-dana-
Tuolumne River,California,"California, United States","Difficult:9.0 miles, Full day",http://www.everytrail.com/guide/tuolumne-river
Mount Conness,Yosemite National Park,"Yosemite National Park, California, United States","Moderate:2.9 miles, 1-3 hours",http://www.everytrail.com/guide/mount-conness
Tioga Peak,Yosemite National Park,"Yosemite National Park, California, United States","Difficult:34 miles, Multiple days",http://www.everytrail.com/guide/tioga-peak
John Muir Trail: Tuolumne to Reds Meadow,California,"California, United States","Difficult:21 miles, Multiple days",http://www.everytrail.com/guide/john-muir-trail-tuolumne-to-reds-meadow
John Muir Trail: Happy Isles to Tuolumne Meadows,California,"California, United States","Difficult:8.4 miles, Full day",http://www.everytrail.com/guide/john-muir-trail-happy-isles-to-tuolumne-meadows
Chilnualna Falls,Yosemite National Park,"Yosemite National Park, California, United States","Easy:0.8 miles, 1-3 hours",http://www.everytrail.com/guide/chilnualna-falls
Wawona Swinging Bridge,Yosemite National Park,"Yosemite National Park, California, United States","Moderate:0.9 miles, 1 hour or less",http://www.everytrail.com/guide/wawona-swinging-bridge
Lower Chilnualna Fall,Yosemite National Park,"Yosemite National Park, California, United States","Easy:4.0 miles, 1-3 hours",http://www.everytrail.com/guide/lower-chilnualna-fall
Tuolumne River Loop - Dana and Lyell Forks,Lundy,"Lundy, California, United States","Moderate:2.4 miles, 1-3 hours",http://www.everytrail.com/guide/tuolumne-river-loop-dana-and-lyell-forks
Lembert Dome,Lundy,"Lundy, California, United States","Easy:3.5 miles, 1-3 hours",http://www.everytrail.com/guide/lembert-dome
Wawona Meadow Loop,Yosemite National Park,"Yosemite National Park, California, United States","Moderate:5.5 miles, 1-3 hours",http://www.everytrail.com/guide/wawona-meadow-loop
Mariposa Grove to Wawona Lodge,Yosemite National Park,"Yosemite National Park, California, United States","Moderate:14.0 miles, Full day",http://www.everytrail.com/guide/mariposa-grove-to-wawona-lodge
Rancheria Falls,Mather,"Mather, California, United States","Moderate:5.0 miles, Half day",http://www.everytrail.com/guide/rancheria-falls
"Lassen Peak, Lassen Volcanic National Park",California,"California, United States","Difficult:2.3 miles, 1-3 hours",http://www.everytrail.com/guide/lassen-peak-lassen-volcanic-national-park
Ridge Lakes - Lassen Volcanic National Park,Lassen Volcanic National Park,"Lassen Volcanic National Park, California, United States","Easy:2.0 miles, 1-3 hours",http://www.everytrail.com/guide/ridge-lakes-lassen-volcanic-national-park
"Manzanita Lake, Lassen Volcanic National Park",Lassen Volcanic National Park,"Lassen Volcanic National Park, California, United States","Moderate:5.5 miles, Half day",http://www.everytrail.com/guide/manzanita-lake-lassen-volcanic-national-park
"Cinder Cone, Lassen Volcanic National Park",California,"California, United States","Moderate:11.0 miles, Full day",http://www.everytrail.com/guide/cinder-cone-lassen-volcanic-national-park
"Cluster Lakes, Lassen Volcanic National Park",California,"California, United States","Difficult:6.7 miles, Full day",http://www.everytrail.com/guide/cluster-lakes-lassen-volcanic-national-park
Lassen Peak Standard Summit Route and Ski Descent,Shingletown,"Shingletown, California, United States","Easy:3.0 miles, 1-3 hours",http://www.everytrail.com/guide/lassen-peak-standard-summit-route-and-ski-descent
"Bumpass Hell, Lassen Volcanic National Park",California,"California, United States","Moderate:7.0 miles, Full day",http://www.everytrail.com/guide/bumpass-hell-lassen-volcanic-national-park
"Brokeoff Mountain, Lassen Volcanic National Park",Mineral,"Mineral, California, United States","Easy:3.5 miles, Half day",http://www.everytrail.com/guide/brokeoff-mountain-lassen-volcanic-national-park
"Chaos Crags, Lassen Volcanic National Park",Shingletown,"Shingletown, California, United States","Moderate:6.2 miles, Half day",http://www.everytrail.com/guide/chaos-crags-lassen-volcanic-national-park
Brokeoff Mountain (Lassen Volcanic National Park),Mount Diablo State Park,"Mount Diablo State Park, California, United States","Difficult:3.9 miles, 1-3 hours",http://www.everytrail.com/view_trip.php?trip_id=351553
Bumpass Hell - Lassen Volcanic National Park,Mt Diablo State Park,"Mt Diablo State Park, California, United States","Moderate:6.0 miles, 1-3 hours",http://www.everytrail.com/view_trip.php?trip_id=247237
Lassen Peak - Lassen Volcanic National Park,Mount Diablo State Park,"Mount Diablo State Park, California, United States","Moderate:6.5 miles, Half day",http://www.everytrail.com/view_trip.php?trip_id=247240
Echo Lake,Mount Diablo State Park,"Mount Diablo State Park, California, United States","Difficult:7.8 miles, Half day",http://www.everytrail.com/view_trip.php?trip_id=1237276
Bumpass Hell (Lassen Volcanic National Park),Mount Diablo State Park,"Mount Diablo State Park, California, United States","Moderate:5.1 miles, 1-3 hours",http://www.everytrail.com/view_trip.php?trip_id=364319
Cinder Cone Trail,Diablo,"Diablo, California, United States","Difficult:10.0 miles, Full day",http://www.everytrail.com/view_trip.php?trip_id=1662577
Kings Creek Falls,Clayton,"Clayton, California, United States","",http://www.everytrail.com/view_trip.php?trip_id=1662558
Lassen Volcanic National Park - Warner valley and the Devils Kitchen,Clayton,"Clayton, California, United States","",http://www.everytrail.com/view_trip.php?trip_id=245659
Lassen Volcanic National Park,Clayton,"Clayton, California, United States","",http://www.everytrail.com/view_trip.php?trip_id=271131
Paradise Meadow,Tassajara,"Tassajara, California, United States","Difficult:6.9 miles, Full day",http://www.everytrail.com/view_trip.php?trip_id=1662563
Lassen day 1,Sequoia National Park,"Sequoia National Park, California, United States","Difficult:9.6 miles, Full day",http://www.everytrail.com/view_trip.php?trip_id=1755040
Mount Diablo's Grand Loop,Sequoia National Park,"Sequoia National Park, California, United States","Difficult:9.8 miles, Full day",http://www.everytrail.com/guide/mount-diablos-grand-loop
Mt. Diablo State Park Exploration,Sequoia National Park,"Sequoia National Park, California, United States","Difficult:9.8 miles, Full day",http://www.everytrail.com/guide/mt-diablo-state-park-exploration
Summit and Secret Valley Trails Loop,Sequoia National Park,"Sequoia National Park, California, United States","Difficult:14.3 miles, Full day",http://www.everytrail.com/guide/summit-and-secret-valley-trails-loop
Waterfall loop at Mount Diablo State Park,Sequoia National Park,"Sequoia National Park, California, United States","Moderate:11.0 miles, Half day",http://www.everytrail.com/guide/waterfall-loop-at-mount-diablo-state-park
Mitchell Canyon to Eagle Peak Hike at Mount Diablo State Park,Sequoia National Park,"Sequoia National Park, California, United States","Moderate:6.6 miles, Half day",http://www.everytrail.com/guide/mitchell-canyon-to-eagle-peak-hike-at-mount-diablo-state-park
Mt. Diablo Summit Trail to Rock City,Sequoia National Park,"Sequoia National Park, California, United States","Difficult:10.2 miles, Full day",http://www.everytrail.com/guide/mt-diablo-summit-trail-to-rock-city
North Peak at Mount Diablo State Park,Sequoia National Park,"Sequoia National Park, California, United States","Easy:1.2 miles, 1 hour or less",http://www.everytrail.com/guide/north-peak-at-mount-diablo-state-park
Bay Area Hiking by Season,Sequoia National Park,"Sequoia National Park, California, United States","Moderate:8.4 miles, Full day",http://www.everytrail.com/guide/bay-area-hiking-by-season
Bay Area Hiking Destinations,Sequoia National Park,"Sequoia National Park, California, United States","Easy:2.2 miles, 1-3 hours",http://www.everytrail.com/guide/bay-area-hiking-destinations
Old Finley Road Loop,Sequoia National Park,"Sequoia National Park, California, United States","Easy:3.8 miles, 1-3 hours",http://www.everytrail.com/guide/old-finley-road-loop
Mt. Diablo Waterfalls/Back Creek loop,Sequoia National Park,"Sequoia National Park, California, United States","Moderate:8.4 miles, Full day",http://www.everytrail.com/view_trip.php?trip_id=485972
The definitive Mt Diablo hike - Summit from Mitchell Canyon (loop),Silver City,"Silver City, California, United States","Difficult:11.5 miles, Full day",http://www.everytrail.com/view_trip.php?trip_id=570062
Mt. Diablo Hike to Rock City,Silver City,"Silver City, California, United States","Moderate:6.9 miles, Full day",http://www.everytrail.com/view_trip.php?trip_id=443442
Mt. Diablo: Juniper-Summit Loop 08-07-10,Silver City,"Silver City, California, United States","Easy:3.4 miles, 1-3 hours",http://www.everytrail.com/view_trip.php?trip_id=743675
Mount Diablo Hike,Sequoia National Park,"Sequoia National Park, California, United States","Moderate:22 miles, Full day",http://www.everytrail.com/view_trip.php?trip_id=271114
Diablo,Whitney Portal,"Whitney Portal, California, United States","Easy:25 miles, Half day",http://www.everytrail.com/view_trip.php?trip_id=569676
Mt Diablo Grand Loop with the EveryTrail Team,Lone Pine,"Lone Pine, California, United States","Easy:2.8 miles, 1-3 hours",http://www.everytrail.com/view_trip.php?trip_id=844579
North Peak Summit,Point Reyes National Seashore,"Point Reyes National Seashore, California, United States","Moderate:9.4 miles, 1-3 hours",http://www.everytrail.com/view_trip.php?trip_id=921082
Mt. Diablo- Falls Trail,Point Reyes ,"Point Reyes , California, United States","",http://www.everytrail.com/view_trip.php?trip_id=178724
Short Hike up Mt Diablo,Point Reyes National Seashore,"Point Reyes National Seashore, California, United States","Moderate:10.2 miles, Half day",http://www.everytrail.com/view_trip.php?trip_id=96143
The High Sierra Trail: Segment 4 of 7,Point Reyes Station,"Point Reyes Station, California, United States","Moderate:15.6 miles, Half day",http://www.everytrail.com/guide/the-high-sierra-trail-segment-4-of-7
The High Sierra Trail: Segment 5 of 7,Point Reyes Station,"Point Reyes Station, California, United States","Moderate:10.0 miles, Half day",http://www.everytrail.com/guide/the-high-sierra-trail-segment-5-of-7
The High Sierra Trail: Segment 3 of 7,Inverness Park,"Inverness Park, California, United States","Moderate:282 miles, Half day",http://www.everytrail.com/guide/the-high-sierra-trail-segment-3-of-7
The High Sierra Trail: Segment 2 of 7,Inverness Park,"Inverness Park, California, United States","Moderate:6.1 miles, Half day",http://www.everytrail.com/guide/the-high-sierra-trail-segment-2-of-7
The High Sierra Trail: Segment 7 of 7,Olema,"Olema, California, United States","Moderate:6.0 miles, Half day",http://www.everytrail.com/guide/the-high-sierra-trail-segment-7-of-7
Middle Fork Trail - Sequoia National Park,Bolinas,"Bolinas, California, United States","Moderate:6.2 miles, Half day",http://www.everytrail.com/guide/middle-fork-trail-sequoia-national-park
Marble Falls Trail - Sequoia National Park,Samuel Taylor State Park,"Samuel Taylor State Park, California, United States","Moderate:5.6 miles, 1-3 hours",http://www.everytrail.com/guide/marble-falls-trail-sequoia-national-park
The High Sierra Trail: Segment 6 of 7,Lagunitas,"Lagunitas, California, United States","Moderate:0.7 miles, 1 hour or less",http://www.everytrail.com/guide/the-high-sierra-trail-segment-6-of-7
Big Trees Trail - Sequoia National Park,San Francisco,"San Francisco, California, United States","Moderate:6.2 miles, Half day",http://www.everytrail.com/guide/big-trees-trail-sequoia-national-park
The High Sierra Trail: Segment 1 of 7,Mill Valley,"Mill Valley, California, United States","Moderate:4.5 miles, Half day",http://www.everytrail.com/guide/the-high-sierra-trail-segment-1-of-7
Congress Trail - Sequoia National Park,Mount Diablo State Park,"Mount Diablo State Park, California, United States","Moderate:6.5 miles, Half day",http://www.everytrail.com/guide/congress-trail-sequoia-national-park
Tokopah Falls - Sequoia National Park,Mill Valley,"Mill Valley, California, United States","Difficult:17.3 miles, Full day",http://www.everytrail.com/guide/tokopah-falls-sequoia-national-park
Mineral King to Monarch Lakes,Stinson Beach,"Stinson Beach, California, United States","Moderate:7.7 miles, Half day",http://www.everytrail.com/guide/mineral-king-to-monarch-lakes
Mineral King to Sawtooth Pass,Stinson Beach,"Stinson Beach, California, United States","Difficult:29 miles, Multiple days",http://www.everytrail.com/guide/mineral-king-to-sawtooth-pass
Mineral King to Eagle Lake,Bolinas,"Bolinas, California, United States","Difficult:10.2 miles, Full day",http://www.everytrail.com/guide/mineral-king-to-eagle-lake
Little Baldy Trail - Sequoia National Park,Los Gatos,"Los Gatos, California, United States","Moderate:2.3 miles, 1-3 hours",http://www.everytrail.com/guide/little-baldy-trail-sequoia-national-park
Mt. Whitney from Whitney Portal,Big Basin Redwoods State Park,"Big Basin Redwoods State Park, California, United States","Moderate:5.4 miles, 1-3 hours",http://www.everytrail.com/guide/mt-whitney-from-whitney-portal
Movie Road/Alabama Hills,Oakland,"Oakland, California, United States","Moderate:3.5 miles, Half day",http://www.everytrail.com/guide/movie-road-alabama-hills
Mount Whitney,Redwood Regional Park,"Redwood Regional Park, California, United States","",http://www.everytrail.com/view_trip.php?trip_id=2895
Mineral King-Monarch Lake Hike,South San Francisco,"South San Francisco, California, United States","Moderate:4.3 miles, 1-3 hours",http://www.everytrail.com/view_trip.php?trip_id=61939
Abbotts Lagoon,Redwood Regional Park,"Redwood Regional Park, California, United States","Moderate:6.7 miles, 1-3 hours",http://www.everytrail.com/guide/abbotts-lagoon
Estro Trail to Sunet beach,Oakland,"Oakland, California, United States","",http://www.everytrail.com/guide/estro-trail-to-sunet-beach
Backpacking at Point Reyes National Seashore,Berkeley,"Berkeley, California, United States","Moderate:3.5 miles, 1-3 hours",http://www.everytrail.com/guide/backpacking-at-point-reyes-national-seashore
Tomales Point at Point Reyes National Seashore,California,"California, United States","Moderate:10.0 miles, Half day",http://www.everytrail.com/guide/tomales-point-at-point-reyes-national-seashore
"Point Reyes - Bear Valley Trail, Sky Trail, Horse Trail Loop",Berkeley,"Berkeley, California, United States","Moderate:14.4 miles, Half day",http://www.everytrail.com/guide/point-reyes-bear-valley-trail-sky-trail-horse-trail-loop
Pt Reyes Hostel to the Coastal Trail,San Mateo,"San Mateo, California, United States","Easy:2.8 miles, 1-3 hours",http://www.everytrail.com/guide/pt-reyes-hostel-to-the-coastal-trail
Bayview Trail,Oakland Hills,"Oakland Hills, California, United States","Moderate:13.2 miles, Full day",http://www.everytrail.com/guide/bayview-trail
Bear Valley to Coast Camp,San Francisco,"San Francisco, California, United States","Easy:3.4 miles, 1-3 hours",http://www.everytrail.com/guide/bear-valley-to-coast-camp
"Mt Barnabe, Samuel P Taylor State Park",San Bruno,"San Bruno, California, United States","Easy:5.8 miles, 1-3 hours",http://www.everytrail.com/guide/mt-barnabe-samuel-p-taylor-state-park
Devils Gulch,San Francisco,"San Francisco, California, United States","Easy:1.7 miles, 1 hour or less",http://www.everytrail.com/guide/devils-gulch
Barnabe Peak Loop Hike,Tiburon,"Tiburon, California, United States","Moderate:4.5 miles, Half day",http://www.everytrail.com/guide/barnabe-peak-loop-hike
Bear Valley Loop - Point Reyes,San Francisco,"San Francisco, California, United States","Moderate:3.0 miles, Half day",http://www.everytrail.com/view_trip.php?trip_id=264081
Estero Trail To Sunset Beach,San Ramon,"San Ramon, California, United States","",http://www.everytrail.com/view_trip.php?trip_id=1182449
Pt Reyes Hostel to the Coastal Trail,Pacifica,"Pacifica, California, United States","Moderate:2.2 miles, 1-3 hours",http://www.everytrail.com/view_trip.php?trip_id=1205536
Woodward Valley Loop,San Bruno,"San Bruno, California, United States","Easy:1.3 miles, 1-3 hours",http://www.everytrail.com/view_trip.php?trip_id=1180232
Point Reyes: Bear Valley - Sky - Woodward Trail,Martinez,"Martinez, California, United States","Moderate:6.6 miles, Half day",http://www.everytrail.com/view_trip.php?trip_id=218748
Pt Reyes Estero Big Loop,San Francisco,"San Francisco, California, United States","Easy:5.5 miles, 1-3 hours",http://www.everytrail.com/view_trip.php?trip_id=2115559
Bayview Trail,San Ramon,"San Ramon, California, United States","Easy:2.0 miles, 1-3 hours",http://www.everytrail.com/view_trip.php?trip_id=1462384
Estero Bay Trail,Tiburon,"Tiburon, California, United States","Easy:8.9 miles, Half day",http://www.everytrail.com/view_trip.php?trip_id=1073812
Nicasio Reservoir -- 400th geocache find,Pacifica,"Pacifica, California, United States","Difficult:10.8 miles, Half day",http://www.everytrail.com/view_trip.php?trip_id=506941
Batteries to Bluffs Trail,San Francisco,"San Francisco, California, United States","Moderate:3.3 miles, Half day",http://www.everytrail.com/guide/batteries-to-bluffs-trail
Marin Headlands,Garin-Dry Creek Pioneer Regional Park,"Garin-Dry Creek Pioneer Regional Park, California, United States","Moderate:6.0 miles, Multiple days",http://www.everytrail.com/guide/marin-headlands
Mount Diablo's Grand Loop,Tiburon,"Tiburon, California, United States","Easy:5.9 miles, 1-3 hours",http://www.everytrail.com/guide/mount-diablos-grand-loop
Muir Woods and Tourist Club Loop,Tiburon,"Tiburon, California, United States","Easy:2.1 miles, Half day",http://www.everytrail.com/guide/muir-woods-and-tourist-club-loop
"Steep Ravine via Matt Davis, Mt Tamalpais",Coyote Hills Regional Park,"Coyote Hills Regional Park, California, United States","Difficult:13.5 miles, Full day",http://www.everytrail.com/guide/steep-ravine-via-matt-davis-mt-tamalpais-
Stinson Beach to Mt. Tamalpais,Woodside,"Woodside, California, United States","Moderate:7.6 miles, Half day",http://www.everytrail.com/guide/stinson-beach-to-mt-tamalpais
Cataract Trail Loop in Marin County,Bay Area Ridge Trail,"Bay Area Ridge Trail, California, United States","Moderate:7.7 miles, Half day",http://www.everytrail.com/guide/cataract-trail-loop-in-marin-county
Skyline to the Sea Trail,Martinez,"Martinez, California, United States","Moderate:6.5 miles, Half day",http://www.everytrail.com/guide/skyline-to-the-sea-trail
Berry Creek Falls Loop at Big Basin Redwoods State Park,Bolinas,"Bolinas, California, United States","Difficult:17.3 miles, Full day",http://www.everytrail.com/guide/berry-creek-falls-loop-at-big-basin-redwoods-state-park
Sibley Volcanic Regional Preserve Exploration,Stinson Beach,"Stinson Beach, California, United States","Moderate:4.5 miles, Half day",http://www.everytrail.com/guide/sibley-volcanic-regional-preserve-exploration
West Ridge Trail - Redwood Regional Park,Stinson Beach,"Stinson Beach, California, United States","",http://www.everytrail.com/guide/west-ridge-trail-redwood-regional-park
"San Bruno Mountain, Ridge Trail and Summit Loop",Mill Valley,"Mill Valley, California, United States","Moderate:6.0 miles, Half day",http://www.everytrail.com/guide/san-bruno-mountain-ridge-trail-and-summit-loop
French Trail Loop - Redwood Regional Park,Mill Valley,"Mill Valley, California, United States","Moderate:15.6 miles, Half day",http://www.everytrail.com/guide/french-trail-loop-redwood-regional-park
Sibley Volcanic Geology Hike,Point Reyes National Seashore,"Point Reyes National Seashore, California, United States","Moderate:6.1 miles, Half day",http://www.everytrail.com/guide/sibley-volcanic-geology-hike
Panoramic Hill - Chaparral Peak - Strawberry Canyon Loop,Bolinas,"Bolinas, California, United States","Moderate:6.2 miles, Half day",http://www.everytrail.com/guide/panoramic-hill-chaparral-peak-strawberry-canyon-loop
Bay Area Redwood Hikes,Point Reyes Station,"Point Reyes Station, California, United States","Moderate:5.6 miles, 1-3 hours",http://www.everytrail.com/guide/bay-area-redwood-hikes
Quarry Trail and Big Springs Trail,Olema,"Olema, California, United States","Moderate:10.0 miles, Half day",http://www.everytrail.com/guide/quarry-trail-and-big-springs-trail
Fifield-Cahill Ridge Trail Exploration,Samuel Taylor State Park,"Samuel Taylor State Park, California, United States","Moderate:282 miles, Half day",http://www.everytrail.com/guide/fifield-cahill-ridge-trail-exploration
Skyline Trail - Middle Section,Lagunitas,"Lagunitas, California, United States","Moderate:9.4 miles, 1-3 hours",http://www.everytrail.com/guide/skyline-trail-middle-section
Presidio Bay Area Ridge Trail,Inverness Park,"Inverness Park, California, United States","Moderate:8.3 miles, 1-3 hours",http://www.everytrail.com/guide/presidio-bay-area-ridge-trail
Bay Area Ridge Trail:  Fifield-Cahill Ridge Trail,Inverness Park,"Inverness Park, California, United States","Easy:8.4 miles, Half day",http://www.everytrail.com/guide/bay-area-ridge-trail-fifield-cahill-ridge-trail
Find Nature at Lands End,Point Reyes ,"Point Reyes , California, United States","Easy:0.7 miles, 1 hour or less",http://www.everytrail.com/guide/lands-end-san-francisco
Angel Island's Perimeter Road,Bolinas,"Bolinas, California, United States","Easy:2.8 miles, 1-3 hours",http://www.everytrail.com/guide/angel-islands-perimeter-road
Presidio Ecology Trail,Point Reyes National Seashore,"Point Reyes National Seashore, California, United States","Moderate:3.6 miles, 1-3 hours",http://www.everytrail.com/guide/presidio-ecology-trail
Las Trampas Rocky Ridge Loop,Marin,"Marin, California, United States","Easy:0.6 miles, 1 hour or less",http://www.everytrail.com/guide/las-trampas-rocky-ridge-loop
"Sweeney Ridge, Golden Gate NP Conservancy",Point Reyes National Seashore,"Point Reyes National Seashore, California, United States","Moderate:10.2 miles, Half day",http://www.everytrail.com/guide/sweeney-ridge-golden-gate-np-conservancy
Mori Point and Sweeney Ridge Loop,Lucas Valley,"Lucas Valley, California, United States","Easy:3.2 miles, 1-3 hours",http://www.everytrail.com/guide/mori-point-and-sweeney-ridge-loop
Briones Regional Park Exploration,Fairfax,"Fairfax, California, United States","Easy:3.8 miles, 1 hour or less",http://www.everytrail.com/guide/briones-regional-park-exploration
Crissy Field Exploration,Point Reyes Station,"Point Reyes Station, California, United States","Easy:1.5 miles, 1 hour or less",http://www.everytrail.com/guide/crissy-field-exploration
Las Trampas Devil's Hole Loop,Fairfax,"Fairfax, California, United States","Easy:4.5 miles, 1-3 hours",http://www.everytrail.com/guide/las-trampas-devils-hole-loop
Angel Island State Park,Fairfax,"Fairfax, California, United States","Moderate:3.8 miles, 1-3 hours",http://www.everytrail.com/guide/angel-island-state-park
Mori Point. Golden Gate NP Conservancy,Sleepy Hollow,"Sleepy Hollow, California, United States","Easy:0.5 miles, 1 hour or less",http://www.everytrail.com/guide/mori-point-golden-gate-np-conservancy
California Coastal Trail - San Francisco,Fairfax,"Fairfax, California, United States","Moderate:16.3 miles, Half day",http://www.everytrail.com/guide/california-coastal-trail-san-francisco
High Ridge Loop at Garin-Dry Creek Park,Mount Tamalpais State Park,"Mount Tamalpais State Park, California, United States","Easy:2.0 miles, 1-3 hours",http://www.everytrail.com/guide/high-ridge-loop-at-garin-dry-creek-park
Angel Island Science Hike,Mill Valley,"Mill Valley, California, United States","Moderate:8.5 miles, Full day",http://www.everytrail.com/guide/angel-island-science-hike
Backpacking at Angel Island,Mill Valley,"Mill Valley, California, United States","Moderate:9.0 miles, Full day",http://www.everytrail.com/guide/backpacking-at-angel-island
Bayview and Red Hill Trails at Coyote Hills Regional Park,Stinson Beach,"Stinson Beach, California, United States","Moderate:8.9 miles, 1-3 hours",http://www.everytrail.com/guide/bayview-and-red-hill-trails-at-coyote-hills-regional-park
Pulgas Water Temple Area Exploration,Mount Tamalpais State Park,"Mount Tamalpais State Park, California, United States","",http://www.everytrail.com/guide/pulgas-water-temple-area-exploration
Mission Peak via Bay Area Ridge Trail and Ed Levin Park,Mill Valley,"Mill Valley, California, United States","Moderate:5.1 miles, 1-3 hours",http://www.everytrail.com/guide/mission-peak-via-bay-area-ridge-trail-and-ed-levin-park
Hike at Briones Regional Park -- Bear Creek Trail Head,Mill Valley,"Mill Valley, California, United States","",http://www.everytrail.com/guide/hike-at-briones-regional-park-bear-creek-trail-head
Cataract Trail Loop in Marin County,Mill Valley,"Mill Valley, California, United States","Moderate:6.0 miles, 1-3 hours",http://www.everytrail.com/guide/cataract-trail-loop-in-marin-county
"Steep Ravine via Matt Davis, Mt Tamalpais",Mill Valley,"Mill Valley, California, United States","",http://www.everytrail.com/guide/steep-ravine-via-matt-davis-mt-tamalpais-
Stinson Beach to Mt. Tamalpais,Mill Valley,"Mill Valley, California, United States","Moderate:0.3 miles, 1 hour or less",http://www.everytrail.com/guide/stinson-beach-to-mt-tamalpais
Muir Woods and Tourist Club Loop,Marin City,"Marin City, California, United States","Easy:5.8 miles, 1-3 hours",http://www.everytrail.com/guide/muir-woods-and-tourist-club-loop
Marin Headlands,Mill Valley,"Mill Valley, California, United States","Difficult:9.5 miles, Full day",http://www.everytrail.com/guide/marin-headlands
Backpacking at Point Reyes National Seashore,Sausalito,"Sausalito, California, United States","Moderate:11.7 miles, Full day",http://www.everytrail.com/guide/backpacking-at-point-reyes-national-seashore
"Mt Barnabe, Samuel P Taylor State Park",Seacliff,"Seacliff, California, United States","Moderate:6.5 miles, Half day",http://www.everytrail.com/guide/mt-barnabe-samuel-p-taylor-state-park
"Point Reyes - Bear Valley Trail, Sky Trail, Horse Trail Loop",Tiburon,"Tiburon, California, United States","Moderate:3.2 miles, Half day",http://www.everytrail.com/guide/point-reyes-bear-valley-trail-sky-trail-horse-trail-loop
Bear Valley to Coast Camp,South Lake Tahoe,"South Lake Tahoe, California, United States","Easy:1.1 miles, 1 hour or less",http://www.everytrail.com/guide/bear-valley-to-coast-camp
Devils Gulch,South Lake Tahoe,"South Lake Tahoe, California, United States","Easy:2.1 miles, 1 hour or less",http://www.everytrail.com/guide/devils-gulch
Barnabe Peak Loop Hike,Sunnyside-Tahoe City,"Sunnyside-Tahoe City, California, United States","Easy:5.1 miles, Half day",http://www.everytrail.com/guide/barnabe-peak-loop-hike
Pt Reyes Hostel to the Coastal Trail,South Lake Tahoe,"South Lake Tahoe, California, United States","Difficult:5.2 miles, Half day",http://www.everytrail.com/guide/pt-reyes-hostel-to-the-coastal-trail
Bayview Trail,Ed Z'berg Sugar Pine Point State Park,"Ed Z'berg Sugar Pine Point State Park, California, United States","Difficult:3.6 miles, 1-3 hours",http://www.everytrail.com/guide/bayview-trail
Estro Trail to Sunet beach,Ed Z'berg Sugar Pine Point State Park,"Ed Z'berg Sugar Pine Point State Park, California, United States","Moderate:13.2 miles, Full day",http://www.everytrail.com/guide/estro-trail-to-sunet-beach
The Coastal trail to Alamere Falls,Ed Z'berg Sugar Pine Point State Park,"Ed Z'berg Sugar Pine Point State Park, California, United States","Easy:4.0 miles, Half day",http://www.everytrail.com/guide/the-coastal-trail-to-alamere-falls
Palomarin to Alamere Falls,Incline Village-Crystal Bay,"Incline Village-Crystal Bay, Nevada, United States","Easy:5.6 miles, Half day",http://www.everytrail.com/guide/palomarin-to-alamere-falls
Verna Dunshee Loop Trail around Mt Tamalpais East Peak,South Lake Tahoe,"South Lake Tahoe, California, United States",Difficult:13.8 miles,http://www.everytrail.com/guide/verna-dunshee-loop-trail-around-mt-tamalpais-east-peak
Abbotts Lagoon,Frosts ,"Frosts , California, United States","Moderate:3.0 miles, 1-3 hours",http://www.everytrail.com/guide/abbotts-lagoon
Lucas Valley Loop,California,"California, United States","Difficult:10.2 miles, Full day",http://www.everytrail.com/guide/lucas-valley-loop
Azalea Hill,Incline Village,"Incline Village, Nevada, United States","Difficult:13.5 miles, Full day",http://www.everytrail.com/guide/azalea-hill
Tomales Point at Point Reyes National Seashore,Desolation Wilderness,"Desolation Wilderness, California, United States","Easy:1.3 miles, 1 hour or less",http://www.everytrail.com/guide/tomales-point-at-point-reyes-national-seashore
Pipe Trail,Twin Bridges,"Twin Bridges, California, United States","Moderate:11.0 miles, Full day",http://www.everytrail.com/guide/pipe-trail
Cascade Falls,South Lake Tahoe,"South Lake Tahoe, California, United States","Difficult:10.0 miles, Full day",http://www.everytrail.com/guide/cascade-falls
Terra Linda and Sleepy Hollow Ridge,South Lake Tahoe,"South Lake Tahoe, California, United States","Moderate:10.0 miles, Full day",http://www.everytrail.com/guide/terra-linda-and-sleepy-hollow-ridge
Bon Tempe Lake,Incline Village,"Incline Village, Nevada, United States","Easy:0.8 miles, 1 hour or less",http://www.everytrail.com/guide/bon-tempe-lake
Dipsea Trail-Steep Ravine Loop,Incline Village-Crystal Bay,"Incline Village-Crystal Bay, Nevada, United States","Easy:3.5 miles, 1-3 hours",http://www.everytrail.com/guide/dipsea-trail-steep-ravine-loop
"East Peak, Mt. Tamalpais State Park",Reno,"Reno, Nevada, United States","Difficult:20 miles, Multiple days",http://www.everytrail.com/guide/east-peak-mt-tamalpais-state-park
Mount Tamalpais,Reno,"Reno, Nevada, United States","Easy:2.0 miles, 1-3 hours",http://www.everytrail.com/guide/mount-tamalpais
Stinson Beach to Mt. Tam East Peak via Matt Davis Trail and Northside Trail,Donner Memorial State Park,"Donner Memorial State Park, California, United States","Moderate:5.5 miles, Half day",http://www.everytrail.com/guide/stinson-beach-to-mt-tam-east-peak-via-matt-davis-trail-and-northside-trail
Mountain Theater and the Southwest Slope of Mount Tamalpais,Truckee,"Truckee, California, United States","Difficult:17.5 miles, Full day",http://www.everytrail.com/guide/mountain-theater-and-the-southwest-slope-of-mount-tamalpais
"Coast View Trail Loop, Mt Tamalpais State Park",Rubicon Springs ,"Rubicon Springs , California, United States","Moderate:3.0 miles, 1-3 hours",http://www.everytrail.com/guide/coast-view-trail-loop-mt-tamalpais-state-park
"West Point Inn, Mt. Tamalpais SP",Truckee,"Truckee, California, United States","Difficult:3.9 miles, 1-3 hours",http://www.everytrail.com/guide/west-point-inn-mt-tamalpais-sp
Muir Woods via the Bootjack Trail,Truckee,"Truckee, California, United States","Moderate:4.7 miles, Half day",http://www.everytrail.com/guide/muir-woods-via-the-bootjack-trail
Bay Area Wildflower Hikes,Soda Springs,"Soda Springs, California, United States","Difficult:7.0 miles, Full day",http://www.everytrail.com/guide/bay-area-wildflower-hikes
Mount Tam - Southeast Trail,Twin Bridges,"Twin Bridges, California, United States","Moderate:15.0 miles, Multiple days",http://www.everytrail.com/guide/mount-tam-southeast-trail
Rodeo Lagoon to Pt Bonita Lighthouse,Foresthill,"Foresthill, California, United States","Difficult:5.8 miles, Half day",http://www.everytrail.com/guide/rodeo-lagoon-to-pt-bonita-lighthouse
Muir Woods National Monument Exploration,Desolation Wilderness,"Desolation Wilderness, California, United States","Moderate:5.8 miles, Half day",http://www.everytrail.com/guide/muir-woods-national-monument-exploration
Miwok Trail to Bonita Point,Twin Bridges,"Twin Bridges, California, United States","Moderate:6.5 miles, Full day",http://www.everytrail.com/guide/miwok-trail-to-bonita-point
Point Bonita Lighthouse Trail,Truckee,"Truckee, California, United States","Easy:2.9 miles, 1-3 hours",http://www.everytrail.com/guide/point-bonita-lighthouse-trail
Angel Island's Perimeter Road,Twin Bridges,"Twin Bridges, California, United States","Moderate:0.7 miles, 1 hour or less",http://www.everytrail.com/guide/angel-islands-perimeter-road
"Mount Tallac, Lake Tahoe",Soda Springs,"Soda Springs, California, United States","Moderate:4.5 miles, Half day",http://www.everytrail.com/guide/mount-tallac-lake-tahoe
Lake Aloha Hike,California,"California, United States","Moderate:6.2 miles, Half day",http://www.everytrail.com/guide/lake-aloha-hike
Secluded Sierra Forest and Meadows Outside Tahoe City,Kyburz,"Kyburz, California, United States","Moderate:6.5 miles, Half day",http://www.everytrail.com/guide/secluded-sierra-forest-and-meadows-outside-tahoe-city
Eagle Creek Canyon Snowshoe (Ski),San Francisco,"San Francisco, California, United States","Difficult:17.3 miles, Full day",http://www.everytrail.com/guide/eagle-creek-canyon-snowshoe-ski
Historic Hellman-Ehrman Mansion Tour,Mill Valley,"Mill Valley, California, United States","Moderate:7.7 miles, Half day",http://www.everytrail.com/guide/historic-hellman-ehrman-mansion-tour
The Dolder Nature Trail,Mill Valley,"Mill Valley, California, United States","Difficult:29 miles, Multiple days",http://www.everytrail.com/guide/the-dolder-nature-trail
General Creek Trail to Lily Pond at Sugar Pine Point State Park,Mount Diablo State Park,"Mount Diablo State Park, California, United States","Moderate:2.3 miles, 1-3 hours",http://www.everytrail.com/guide/general-creek-trail-to-lily-pond-at-sugar-pine-point-state-park
Marlette Lake Direct,Stinson Beach,"Stinson Beach, California, United States","Moderate:4.3 miles, 1-3 hours",http://www.everytrail.com/guide/marlette-lake-direct
Angora Lake,Stinson Beach,"Stinson Beach, California, United States","Moderate:14.4 miles, Half day",http://www.everytrail.com/guide/angora-lake
"D.L. Bliss and Emerald Bay, Southwest Shore of Lake Tahoe",Bolinas,"Bolinas, California, United States","Moderate:6.7 miles, 1-3 hours",http://www.everytrail.com/guide/d-l-bliss-and-emerald-bay-southwest-shore-of-lake-tahoe
"Five Lakes, Granite Chief Wilderness, Lake Tahoe",Los Gatos,"Los Gatos, California, United States","Moderate:3.5 miles, 1-3 hours",http://www.everytrail.com/guide/five-lakes-granite-chief-wilderness-lake-tahoe
"Diamond Peak from Scenic Overlook, via N. Flume",Oakland,"Oakland, California, United States","",http://www.everytrail.com/guide/diamond-peak-from-scenic-overlook-via-n-flume
Backpacking in Desolation Wilderness,Oakland,"Oakland, California, United States","Moderate:5.4 miles, 1-3 hours",http://www.everytrail.com/guide/backpacking-in-desolation-wilderness
Maggies Peaks,Oakland Hills,"Oakland Hills, California, United States","",http://www.everytrail.com/guide/maggies-peaks
Freel Peak from Armstrong Pass,Berkeley,"Berkeley, California, United States","Easy:5.8 miles, 1-3 hours",http://www.everytrail.com/guide/freel-peak-from-armstrong-pass
Hike the Pacific Crest Trail from Echo to Carson,Berkeley,"Berkeley, California, United States","Moderate:2.2 miles, 1-3 hours",http://www.everytrail.com/guide/hike-the-pacific-crest-trail-from-echo-to-carson
Tahoe Meadows Interpretive Loop,California,"California, United States","Easy:5.5 miles, 1-3 hours",http://www.everytrail.com/guide/tahoe-meadows-interpretive-loop
Diamond Peak from Tahoe Meadows,Redwood Regional Park,"Redwood Regional Park, California, United States","Easy:2.8 miles, 1-3 hours",http://www.everytrail.com/guide/diamond-peak-from-tahoe-meadows
Mt. Rose,Redwood Regional Park,"Redwood Regional Park, California, United States","Moderate:3.3 miles, Half day",http://www.everytrail.com/guide/mt-rose
"Mt. Rose, Lake Tahoe",Tiburon,"Tiburon, California, United States","Moderate:6.0 miles, Multiple days",http://www.everytrail.com/guide/mt-rose-lake-tahoe
The Nature Trail - Donner Memorial State Park,Martinez,"Martinez, California, United States","Easy:1.7 miles, 1 hour or less",http://www.everytrail.com/guide/the-nature-trail-donner-memorial-state-park
Donner Lake & Memorial State Park,Tiburon,"Tiburon, California, United States","Easy:1.3 miles, 1-3 hours",http://www.everytrail.com/guide/donner-lake-amp-memorial-state-park
"Rubicon 4x4 Trail, California",San Francisco,"San Francisco, California, United States","",http://www.everytrail.com/guide/rubicon-4x4-trail-california
Negro Canyon Overlook,Tiburon,"Tiburon, California, United States","Moderate:7.6 miles, Half day",http://www.everytrail.com/guide/negro-canyon-overlook
"Mt Judah & Donner Peak, Tahoe National Forest",Tiburon,"Tiburon, California, United States","Moderate:6.0 miles, 1-3 hours",http://www.everytrail.com/guide/mt-judah-amp-donner-peak-tahoe-national-forest
Donner Pass to Squaw Valley on the Pacific Crest Trail,San Francisco,"San Francisco, California, United States","",http://www.everytrail.com/guide/donner-pass-to-squaw-valley-on-the-pacific-crest-trail
"Horsetail Falls, Lake Tahoe",San Francisco,"San Francisco, California, United States","Moderate:3.5 miles, Half day",http://www.everytrail.com/guide/horsetail-falls-lake-tahoe
"Hell Hole Reservoir 4x4 Trail, California",East Richmond Heights,"East Richmond Heights, California, United States","Easy:3.4 miles, 1-3 hours",http://www.everytrail.com/guide/hell-hole-reservoir-4x4-trail-california
Wrights Lake to Grouse Lake and gateway to Twin Lakes,Martinez,"Martinez, California, United States","Moderate:4.5 miles, Half day",http://www.everytrail.com/guide/wrights-lake-to-grouse-lake-and-gateway-to-twin-lakes
"Mt. Ralston Peak, Lake Tahoe",San Francisco,"San Francisco, California, United States","Moderate:6.6 miles, Half day",http://www.everytrail.com/guide/mt-ralston-peak-lake-tahoe
Paradise Lake,Orinda Village,"Orinda Village, California, United States","Easy:8.9 miles, Half day",http://www.everytrail.com/guide/paradise-lake
"Barrett Lake 4x4 Trail, California",South San Francisco,"South San Francisco, California, United States","Moderate:4.5 miles, Half day",http://www.everytrail.com/guide/barrett-lake-4x4-trail-california
Castle Peak,San Francisco,"San Francisco, California, United States","Moderate:0.3 miles, 1 hour or less",http://www.everytrail.com/guide/castle-peak
"Castle Peak, Tahoe National Forest",San Ramon,"San Ramon, California, United States","",http://www.everytrail.com/guide/castle-peak-tahoe-national-forest
Robbs Peak and Hut,San Ramon,"San Ramon, California, United States","",http://www.everytrail.com/guide/robbs-peak-and-hut
Batteries to Bluffs Trail,San Francisco,"San Francisco, California, United States","Moderate:6.0 miles, 1-3 hours",http://www.everytrail.com/guide/batteries-to-bluffs-trail
Marin Headlands,Mt. Diablo State Park,"Mt. Diablo State Park, California, United States","Moderate:13.2 miles, Full day",http://www.everytrail.com/guide/marin-headlands
Muir Woods and Tourist Club Loop,Seacliff,"Seacliff, California, United States","Moderate:10.0 miles, Half day",http://www.everytrail.com/guide/muir-woods-and-tourist-club-loop
Mount Diablo's Grand Loop,Sausalito,"Sausalito, California, United States","Difficult:29 miles, Multiple days",http://www.everytrail.com/guide/mount-diablos-grand-loop
"Steep Ravine via Matt Davis, Mt Tamalpais",Marin City,"Marin City, California, United States","Difficult:10.2 miles, Full day",http://www.everytrail.com/guide/steep-ravine-via-matt-davis-mt-tamalpais-
Stinson Beach to Mt. Tamalpais,Mount Diablo State Park,"Mount Diablo State Park, California, United States","Moderate:6.2 miles, Half day",http://www.everytrail.com/guide/stinson-beach-to-mt-tamalpais
Cataract Trail Loop in Marin County,San Bruno,"San Bruno, California, United States","Moderate:0.7 miles, 1 hour or less",http://www.everytrail.com/guide/cataract-trail-loop-in-marin-county
Skyline to the Sea Trail,San Mateo,"San Mateo, California, United States","Moderate:4.5 miles, Half day",http://www.everytrail.com/guide/skyline-to-the-sea-trail
Sibley Volcanic Regional Preserve Exploration,Los Gatos,"Los Gatos, California, United States","Easy:3.1 miles, 1-3 hours",http://www.everytrail.com/guide/sibley-volcanic-regional-preserve-exploration
Sibley Volcanic Geology Hike,Big Basin Redwoods State Park,"Big Basin Redwoods State Park, California, United States","Moderate:8.1 miles, Half day",http://www.everytrail.com/guide/sibley-volcanic-geology-hike
Skyline Trail - Middle Section,Mount Diablo State Park,"Mount Diablo State Park, California, United States","Moderate:4.0 miles, 1-3 hours",http://www.everytrail.com/guide/skyline-trail-middle-section
Panoramic Hill - Chaparral Peak - Strawberry Canyon Loop,San Francisco,"San Francisco, California, United States","Moderate:2.6 miles, 1-3 hours",http://www.everytrail.com/guide/panoramic-hill-chaparral-peak-strawberry-canyon-loop
Quarry Trail and Big Springs Trail,Mill Valley,"Mill Valley, California, United States","Moderate:4.2 miles, 1-3 hours",http://www.everytrail.com/guide/quarry-trail-and-big-springs-trail
Bay Area Redwood Hikes,Mill Valley,"Mill Valley, California, United States","Moderate:7.9 miles, Half day",http://www.everytrail.com/guide/bay-area-redwood-hikes
West Ridge Trail - Redwood Regional Park,San Jose,"San Jose, California, United States","Moderate:4.7 miles, 1-3 hours",http://www.everytrail.com/guide/west-ridge-trail-redwood-regional-park
French Trail Loop - Redwood Regional Park,San Jose,"San Jose, California, United States","Difficult:13.5 miles, Full day",http://www.everytrail.com/guide/french-trail-loop-redwood-regional-park
Angel Island's Perimeter Road,San Jose,"San Jose, California, United States","Moderate:7.0 miles, Half day",http://www.everytrail.com/guide/angel-islands-perimeter-road
Briones Regional Park Exploration,San Jose,"San Jose, California, United States","Moderate:4.2 miles, 1-3 hours",http://www.everytrail.com/guide/briones-regional-park-exploration
Angel Island State Park,San Jose,"San Jose, California, United States","Easy:7.6 miles, 1-3 hours",http://www.everytrail.com/guide/angel-island-state-park
Presidio Bay Area Ridge Trail,San Jose,"San Jose, California, United States","Easy:4.0 miles, 1-3 hours",http://www.everytrail.com/guide/presidio-bay-area-ridge-trail
Angel Island Science Hike,Alum Rock Park,"Alum Rock Park, California, United States","Difficult:22 miles, Full day",http://www.everytrail.com/guide/angel-island-science-hike
Backpacking at Angel Island,Bay Area Ridge Trail,"Bay Area Ridge Trail, California, United States","Moderate:5.7 miles, Half day",http://www.everytrail.com/guide/backpacking-at-angel-island
Presidio Ecology Trail,San Jose,"San Jose, California, United States","Difficult:6.9 miles, Half day",http://www.everytrail.com/guide/presidio-ecology-trail
Crissy Field Exploration,Ed Levin County Park,"Ed Levin County Park, California, United States","Difficult:6.0 miles, Half day",http://www.everytrail.com/guide/crissy-field-exploration
Wildcat Canyon and Tilden Regional Park Loop,Alviso,"Alviso, California, United States","Moderate:7.3 miles, Half day",http://www.everytrail.com/guide/wildcat-canyon-and-tilden-regional-park-loop
Hike at Briones Regional Park -- Bear Creek Trail Head,Alviso,"Alviso, California, United States","",http://www.everytrail.com/guide/hike-at-briones-regional-park-bear-creek-trail-head
Angel Island,Joseph D. Grant County Park,"Joseph D. Grant County Park, California, United States","Moderate:6.8 miles, Half day",http://www.everytrail.com/guide/angel-island
Bear Creek to Briones Crest Loop at Briones Regional Park,Joseph D. Grant County Park,"Joseph D. Grant County Park, California, United States","",http://www.everytrail.com/guide/bear-creek-to-briones-crest-loop-at-briones-regional-park
"San Bruno Mountain, Ridge Trail and Summit Loop",Almaden Quicksilver County Park,"Almaden Quicksilver County Park, California, United States","",http://www.everytrail.com/guide/san-bruno-mountain-ridge-trail-and-summit-loop
Find Nature at Lands End,Fremont,"Fremont, California, United States","Moderate:1.4 miles, 1 hour or less",http://www.everytrail.com/guide/lands-end-san-francisco
Las Trampas Rocky Ridge Loop,Rancho San Antonio County Park,"Rancho San Antonio County Park, California, United States","Difficult:6.4 miles, Half day",http://www.everytrail.com/guide/las-trampas-rocky-ridge-loop
Las Trampas Devil's Hole Loop,Cupertino,"Cupertino, California, United States","Moderate:5.2 miles, Half day",http://www.everytrail.com/guide/las-trampas-devils-hole-loop
California Coastal Trail - San Francisco,Joseph D. Grant County Park,"Joseph D. Grant County Park, California, United States","Difficult:16.0 miles, Full day",http://www.everytrail.com/guide/california-coastal-trail-san-francisco
Kovar Trail to Mt. Diablo-Briones Trail via Ridge Top Trail,Rancho San Antonio County Park,"Rancho San Antonio County Park, California, United States","Moderate:3.7 miles, 1-3 hours",http://www.everytrail.com/guide/kovar-trail-to-mt-diablo-briones-trail-via-ridge-top-trail
Point Bonita Lighthouse Trail,Almaden Quicksilver County Park,"Almaden Quicksilver County Park, California, United States","Moderate:6.5 miles, Half day",http://www.everytrail.com/guide/point-bonita-lighthouse-trail
Miwok Trail to Bonita Point,Cupertino,"Cupertino, California, United States","Difficult:10.2 miles, Full day",http://www.everytrail.com/guide/miwok-trail-to-bonita-point
Rodeo Lagoon to Pt Bonita Lighthouse,Lexington ,Lexington ,"Moderate:11.0 miles, Full day",http://www.everytrail.com/guide/rodeo-lagoon-to-pt-bonita-lighthouse
Summit and Secret Valley Trails Loop,Sanborn Skyline County Park,"Sanborn Skyline County Park, California, United States","",http://www.everytrail.com/guide/summit-and-secret-valley-trails-loop
Bay Area Ridge Trail:  Fifield-Cahill Ridge Trail,Saratoga,"Saratoga, California, United States","Difficult:17.8 miles, Full day",http://www.everytrail.com/guide/bay-area-ridge-trail-fifield-cahill-ridge-trail
Fifield-Cahill Ridge Trail Exploration,Fremont,"Fremont, California, United States","Difficult:9.8 miles, Full day",http://www.everytrail.com/guide/fifield-cahill-ridge-trail-exploration
Skyline to the Sea Trail,Fremont,"Fremont, California, United States","Difficult:17.8 miles, Full day",http://www.everytrail.com/guide/skyline-to-the-sea-trail
Berry Creek Falls Loop at Big Basin Redwoods State Park,Saratoga,"Saratoga, California, United States",,http://www.everytrail.com/guide/berry-creek-falls-loop-at-big-basin-redwoods-state-park
Mount Diablo's Grand Loop,Sunol Regional Wilderness,"Sunol Regional Wilderness, California, United States",,http://www.everytrail.com/guide/mount-diablos-grand-loop
Batteries to Bluffs Trail,Evergreen,"Evergreen, California, United States",,http://www.everytrail.com/guide/batteries-to-bluffs-trail
Marin Headlands,Fremont,"Fremont, California, United States",,http://www.everytrail.com/guide/marin-headlands
Muir Woods and Tourist Club Loop,Sunol Regional Wilderness,"Sunol Regional Wilderness, California, United States",,http://www.everytrail.com/guide/muir-woods-and-tourist-club-loop
Guadalupe River Park in downtown San Jose,Los Altos Hills,"Los Altos Hills, California, United States",,http://www.everytrail.com/guide/guadalupe-river-park-in-downtown-san-jose
North Rim Trail to Boccardo Trail at Alum Rock Park,Fremont,"Fremont, California, United States",,http://www.everytrail.com/guide/north-rim-trail-to-boccardo-trail-at-alum-rock-park
Alum Rock Exploration,,,,http://www.everytrail.com/guide/alum-rock-exploration
Stile Ranch Trail at Santa Teresa County Park,,,,http://www.everytrail.com/guide/stile-ranch-trail-at-santa-teresa-county-park
Coyote Peak Loop at Santa Teresa County Park,,,,http://www.everytrail.com/guide/coyote-peak-loop-at-santa-teresa-county-park
Mt Umunhum,,,,http://www.everytrail.com/guide/mt-umunhum
Pigeon Gap Trail - Alum Rock Park,,,,http://www.everytrail.com/guide/pigeon-gap-trail-alum-rock-park
Mission Peak via Bay Area Ridge Trail and Ed Levin Park,,,,http://www.everytrail.com/guide/mission-peak-via-bay-area-ridge-trail-and-ed-levin-park
Javelina Loop - Calero County Park,,,,http://www.everytrail.com/guide/javelina-loop-calero-county-park
Monument Peak - Ed Levin County Park,,,,http://www.everytrail.com/guide/monument-peak-ed-levin-county-park
Alviso section of Don Edwards Wildlife Refuge,,,,http://www.everytrail.com/guide/alviso-section-of-don-edwards-wildlife-refuge
Don Edwards SF Bay National Wildlife Refuge Exploration,,,,http://www.everytrail.com/guide/don-edwards-sf-bay-national-wildlife-refuge-exploration
Perimeter loop hike at Grant County Park,,,,http://www.everytrail.com/guide/perimeter-loop-hike-at-grant-county-park
Dutch Flat and Dairy Trails at Grant County Park,,,,http://www.everytrail.com/guide/dutch-flat-and-dairy-trails-at-grant-county-park
Mining Sites at Almaden Quicksilver County Park,,,,http://www.everytrail.com/guide/mining-sites-at-almaden-quicksilver-county-park
Horse Heaven Trail to Mission Peak,,,,http://www.everytrail.com/guide/horse-heaven-trail-to-mission-peak
Wildcat Canyon Loop at Rancho San Antonio,,,,http://www.everytrail.com/guide/wildcat-canyon-loop-at-rancho-san-antonio
Seven Springs Trail,,,,http://www.everytrail.com/guide/seven-springs-trail
Yerba Buena to Halls Valley Trail Loop at Joseph D. Grant Park,,,,http://www.everytrail.com/guide/yerba-buena-to-halls-valley-trail-loop-at-joseph-d-grant-park
Deer Hollow Farm at Rancho San Antonio,,,,http://www.everytrail.com/guide/deer-hollow-farm-at-rancho-san-antonio
Mockingbird Loop - Almaden Quicksilver County Park,,,,http://www.everytrail.com/guide/mockingbird-loop-almaden-quicksilver-county-park
Tony Look Trail at Stevens Creek Park,,,,http://www.everytrail.com/guide/tony-look-trail-at-stevens-creek-park
Limekiln Trail to Priest Rock and Kennedy Trail,,,,http://www.everytrail.com/guide/limekiln-trail-to-priest-rock-and-kennedy-trail
San Andreas-Sanborn Loop at Sanborn Skyline County Park,,,,http://www.everytrail.com/guide/san-andreas-sanborn-loop-at-sanborn-skyline-county-park
Sanborn Skyline Park to Castle Rock State Park,,,,http://www.everytrail.com/guide/sanborn-skyline-park-to-castle-rock-state-park
"Flag Hill Loop, Sunol Regional Wilderness",,,,http://www.everytrail.com/guide/flag-hill-loop-sunol-regional-wilderness
San Francisco Bay Area,,,,http://www.everytrail.com/guide/san-francisco-bay-area
Castle Rock State Park Loop: Saratoga Gap and Ridge Trails,,,,http://www.everytrail.com/guide/castle-rock-state-park-loop-saratoga-gap-and-ridge-trails
Sunol Wilderness to Mission Peak,,,,http://www.everytrail.com/guide/sunol-wilderness-to-mission-peak
Antler Point from Twin Gates,,,,http://www.everytrail.com/guide/antler-point-from-twin-gates
Sunol Wilderness,,,,http://www.everytrail.com/guide/sunol-wilderness
Rose Peak - Ohlone Regional Wilderness,,,,http://www.everytrail.com/guide/rose-peak-ohlone-regional-wilderness
"Black Mountain from Rhus Ridge, Rancho San Antonio",,,,http://www.everytrail.com/guide/black-mountain-from-rhus-ridge-rancho-san-antonio
Rose Peak Hike From Sunol,,,,http://www.everytrail.com/guide/rose-peak-hike-from-sunol
